0,운영체제 정의 ,,개요,0
1,운영체제 역사,,개요,0
2,컴퓨터 하드웨어,,개요,0
3,운영체제 종류,,개요,0
4,시스템 호출,,개요,0
5,운영체제 구조,"모노리식 시스템, 계층 구조 시스템, 마이크로 커널, 클라이언트-서버 모델, 가상머신, ExoKernel",개요,0
6,C언어,,개요,0
7,프로세스 개념,,프로세스와 스레드,1
8,프로세스 모델,,프로세스와 스레드,1
9,프로세스 생성,,프로세스와 스레드,1
10,프로세스 종료,,프로세스와 스레드,1
11,프로세스 계층 구조,,프로세스와 스레드,1
12,프로세스 상태,,프로세스와 스레드,1
13,프로세스 구현,,프로세스와 스레드,1
14,다중 프로그래밍 모델링,,프로세스와 스레드,1
15,스레드 개념,,프로세스와 스레드,1
16,스레드의 사용,,프로세스와 스레드,1
17,고전적인 스레드 모델,,프로세스와 스레드,1
18,POSIX 스레드,,프로세스와 스레드,1
19,사용자 공간에서의 스레드의 구현,,프로세스와 스레드,1
20,커널 내부에서 스레드 구현,,프로세스와 스레드,1
21,하이브리드 구현,,프로세스와 스레드,1
22,스케줄러 활성화 ,,프로세스와 스레드,1
23,팝업 스레드,,프로세스와 스레드,1
24,단일 스레드 코드를 다중 스레드 형태로 만들기,,프로세스와 스레드,1
25,경쟁조건,,프로세스와 스레드,1
26,임계구역,,프로세스와 스레드,1
27,바쁜 대기를 이용한 상호 배제,,프로세스와 스레드,1
28,슬립과 깨움,,프로세스와 스레드,1
29,세마포어,,프로세스와 스레드,1
30,뮤텍스,,프로세스와 스레드,1
31,모니터,,프로세스와 스레드,1
32,메시지 패싱,,프로세스와 스레드,1
33,장벽,,프로세스와 스레드,1
34,스케줄링 소개,,프로세스와 스레드,1
35,배치 시스템의 스케줄링,,프로세스와 스레드,1
36,대화식 시스템의 스케줄링,,프로세스와 스레드,1
37,실시간 시스템에서 스케줄링,,프로세스와 스레드,1
38,정책과 메커니즘,,프로세스와 스레드,1
39,스레드 스케줄링,"리눅스, 유닉스, 윈도우 스케줄링",프로세스와 스레드,1
40,식사하는 철학자 문제,,프로세스와 스레드,1
41,readers and writers 문제,,프로세스와 스레드,1
42,메모리 추상화 개념,"주소 공간 개념, 스와핑, 가용 메모리 공간 관리",메모리 관리,2
43,페이징,"페이지 테이블, 페이징 속도 향상, 대용량 메모리를 위한 페이지 테이블",메모리 관리,2
44,페이지 교체 알고리즘,,메모리 관리,2
45,페이지 시스템 설계 이슈,"지역/전역 할당 정책, 부하 제어, 페이지 크기, 명령어와 데이터 공간 분리, 공유페이지, 공유 라이브러리, 파일 매핑, 클리닝 정책, 가상 메모리 인터페이스",메모리 관리,2
46,구현 이슈,"페이징과 관련된 운영체제 작업, 페이지폴트처리, 명령백업, 페이지락, 백킹스토어(예비저장장소), 정책과메커니즘의분리",메모리 관리,2
47,세그멘테이션,"순수한 세그멘테이션 구현, MULTICS, 엔텔 펜티엄",메모리 관리,2
48,파일,,파일 시스템,3
49,딕렉터리,,파일 시스템,3
50,파일시스템의 구현,"파일시스템배치, 파일의구현, 디렉터리의 구현, 공유파일, 로그-구조 파일 시스템, 저널링 파일 시스템, 가상파일시스템",파일 시스템,3
51,파일시스템 관리와 최적화,"디스크 공간 관리, 파일시스템백업, 파일 시스템 일관성, 파일시스템성능, 디스크 조각모음",파일 시스템,3
52,파일 시스템 예,"CD-ROM 파일시스템들, MS -DOS 파일시스템, UNIX V7 파일시스템",파일 시스템,3
53,입출력 하드웨어의 원리,"입출력 장치, 장치 컨트롤러, 메모리 맵 I/O,메모리 직접 접근, 이너럽트 재방문",입출력,4
54,입출력 소프트웨어의 원칙,"입출력 소프트웨어의 목표, 프로그램 입출력, 인터럽트- 구동입출력, DMA를 사용하는 입출력",입출력,4
55,입출력 소프트웨어 계층,"인터럽트 핸들러, 장치 드라이버들, 장치독립적인 입출력 소프트웨어, 사용자 영역 입출력 소프트웨어",입출력,4
56,디스크,"디스크 하드웨어, 디스크 포매팅, 디스크 암 스케줄링알고리즘, 오류 핸들링, 안정된 저장장치",입출력,4
57,클록,,입출력,4
58,"사용자 인터페이스: 키보드, 마우스, 모니터",,입출력,4
59,씬 클라이언트,,입출력,4
60,전력 관리,"하드웨어 이슈, 운영체제 이슈, 응용프로그램 이슈",입출력,4
61,자원,"선점형과 비선점형자원들, 자원 획득",교착 상태,5
62,교착상태 소개,,교착 상태,5
63,타조 알고리즘,,교착 상태,5
64,교착 상태의 탐지 및 회복,,교착 상태,5
65,교착상태 회피,"자원 궤도, 안전과 불안전 상태, 단일 자원에 대한 은행원 알고리즘, 다중 자원들에 대한 은행원 알고리즘",교착 상태,5
66,교착 상태 예방,"상호배제 조건 공략하기, 잡고 기다림 조건을 공략하기, 비선점 조건 공략하기, 순환 대기 조건 공략하기",교착 상태,5
67,교착 상태의 기타 문제,"투페이스 락킹, 통신 교착상태, 라이브락, 기아",교착 상태,5
68,멀티미디어 소개,,멀티미디어 운영체제,6
69,멀티미디어 파일,,멀티미디어 운영체제,6
70,비디오 압축,,멀티미디어 운영체제,6
71,오디오 압축,,멀티미디어 운영체제,6
72,멀티미디어 프로세스 스케줄링,"동종 프로세스 스케줄링, 일반적인 실시간 스케줄링, RMS(Rate Monotonic Scheduling), EDF(Earliest Deadline First) 스케줄링",멀티미디어 운영체제,6
73,멀티미디어 파일 시스템 패러다임,"VCR 제어 기능, 의사 주문형 비디오, VCR 기능을 가진 의사 주문형 비디오",멀티미디어 운영체제,6
74,파일 배치,"단일 디스크에서 파일의 배치, 두 가지 다른 파일 구성 전략, 의사 주문형 비디오에서 파일 배치, 다수의 파일을 단일 디스크에 배치, 다수의 디스크에 파일 배치",멀티미디어 운영체제,6
75,캐싱,"블록 캐싱, 파일 캐싱",멀티미디어 운영체제,6
76,멀디미디어를 위한 디스크 스케줄링,,멀티미디어 운영체제,6
77,멀티프로세서 개념,,멀티프로세서 시스템,6
78,멀티프로세서 하드웨어,,멀티프로세서 시스템,6
79,멀트프로세서를 위한 운영체제 타입,,멀티프로세서 시스템,6
80,멀티프로세서 동기화,,멀티프로세서 시스템,6
81,멀티프로세서 스케줄링,,멀티프로세서 시스템,6
82,멀티컴퓨터,"다중컴퓨터 하드웨어, 저수준 통신 소프트웨어, 사용자 수준 통신 소프트웨어, 원격 함수 호출, 분산 공유 메모리, 다중컴퓨터 스케줄링, 부하 균등",멀티프로세서 시스템,6
83,가상화,"가상화 요구 조건, 타입1 하이퍼바이저, 타입2 하이퍼바이저, 반가상화, 메모리가상화, I/O 가상화, 가상가전, 멀티코어 CPU와 가상화, 라이센스 이슈",멀티프로세서 시스템,6
84,분산시스템,"네트워크 하드웨어, 네트워크 서비스와 프로토콜, 문서 기반 미들웨어, 파일 시스템 기반 미들웨어, 객체 기반 미들웨어, 조정자 기반 미들웨어, 그리드",멀티프로세서 시스템,6
85,보안 환경,,보안,7
86,암호화 기초,,보안,7
87,보호 메커니즘,,보안,7
88,인증,,보안,7
89,내부자 공격,,보안,7
90,코드 버그의 활용,,보안,7
91,멀웨어,,보안,7
92,방어,,보안,7
93,A Nuts-and-Bolts Description,What Is the Internet?,Computer Networks and the Internet,8
94,A Services Description,,Computer Networks and the Internet,8
95,What Is a Protocol?,,Computer Networks and the Internet,8
96,Access Networks,The Network Edge,Computer Networks and the Internet,8
97,Physical Media,,Computer Networks and the Internet,8
98,Packet Switching,The Network Core,Computer Networks and the Internet,8
99,Circuit Switching,,Computer Networks and the Internet,8
100,A Network of Networks,,Computer Networks and the Internet,8
101,Overview of Delay in Packet-Switched Networks,"Delay, Loss, and Throughput in Packet-Switched Network",Computer Networks and the Internet,8
102,Queuing Delay and Packet Loss,,Computer Networks and the Internet,8
103,End-to-End Delay,,Computer Networks and the Internet,8
104,Throughput in Computer Networks,,Computer Networks and the Internet,8
105,Layered Architecture,Protocol Layers and Their Service Models,Computer Networks and the Internet,8
106,Encapsulation,,Computer Networks and the Internet,8
107,Networks Under Attack,Networks Under Attack,Computer Networks and the Internet,8
108,The Development of Packet Switching: 1961–1972,History of Computer Networking and the Internet,Computer Networks and the Internet,8
109,Proprietary Networks and Internetworking: 1972–1980 ,,Computer Networks and the Internet,8
110,A Proliferation of Networks: 1980–1990,,Computer Networks and the Internet,8
111,The Internet Explosion: The 1990s,,Computer Networks and the Internet,8
112,The New Millennium,,Computer Networks and the Internet,8
113,Network Application Architectures,Principles of Network Applications,Application Layer,9
114,Processes Communicating,,Application Layer,9
115,Transport Services Available to Applications,,Application Layer,9
116,Transport Services Provided by the Internet,,Application Layer,9
117,Application-Layer Protocols,,Application Layer,9
118,Network Applications Covered in This Book,,Application Layer,9
119,Overview of HTTP,The Web and HTTP,Application Layer,9
120,Non-Persistent and Persistent Connections,,Application Layer,9
121,HTTP Message Format,,Application Layer,9
122,User-Server Interaction: Cookies,,Application Layer,9
123,Web Caching,,Application Layer,9
124,HTTP/2,,Application Layer,9
125,SMTP,Electronic Mail in the Internet,Application Layer,9
126,Mail Message Formats,,Application Layer,9
127,Mail Access Protocols,,Application Layer,9
128,DNS—The Internet’s Directory Service,,Application Layer,9
129,Services Provided by DNS,,Application Layer,9
130,Overview of How DNS Works,,Application Layer,9
131,DNS Records and Messages,,Application Layer,9
132,Peer-to-Peer File Distribution,Peer-to-Peer File Distribution,Application Layer,9
133,Internet Video,Video Streaming and Content Distribution Networks,Application Layer,9
134,HTTP Streaming and DASH,,Application Layer,9
135,Content Distribution Networks,,Application Layer,9
136,Socket Programming with UDP,Socket Programming: Creating Network Applications,Application Layer,9
137,Socket Programming with TCP,,Application Layer,9
138,Relationship Between Transport and Network Layers,Introduction and Transport-Layer Services,Transport Layer,10
139,Overview of the Transport Layer in the Internet,,Transport Layer,10
140,Multiplexing and Demultiplexing,Multiplexing and Demultiplexing,Transport Layer,10
141,UDP Segment Structure,Connectionless Transport: UDP,Transport Layer,10
142,UDP Checksum,,Transport Layer,10
143,Building a Reliable Data Transfer Protocol,Principles of Reliable Data Transfer,Transport Layer,10
144,Pipelined Reliable Data Transfer Protocols,,Transport Layer,10
145,Go-Back-N (GBN),,Transport Layer,10
146,Selective Repeat (SR),,Transport Layer,10
147,The TCP Connection,Connection-Oriented Transport: TCP,Transport Layer,10
148,TCP Segment Structure,,Transport Layer,10
149,Round-Trip Time Estimation and Timeout,,Transport Layer,10
150,Reliable Data Transfer,,Transport Layer,10
151,Flow Control,,Transport Layer,10
152,TCP Connection Management,,Transport Layer,10
153,Approaches to Congestion Control,Principles of Congestion Control ,Transport Layer,10
154,The Causes and the Costs of Congestion,,Transport Layer,10
155,Classic TCP Congestion Control,TCP Congestion Control,Transport Layer,10
156,Network-Assisted Explicit Congestion Notification and Delayed-based Congestion Control,,Transport Layer,10
157,Fairness,,Transport Layer,10
158,Evolution of Transport-Layer Functionality,Evolution of Transport-Layer Functionality,Transport Layer,10
159,Forwarding and Routing: The Data and Control Planes,Overview of Network Layer,The Network Layer: Data Plane,11
160,Network Service Model,,The Network Layer: Data Plane,11
161,Input Port Processing and Destination-Based Forwarding,What’s Inside a Router?,The Network Layer: Data Plane,11
162,Switching,,The Network Layer: Data Plane,11
163,Output Port Processing,,The Network Layer: Data Plane,11
164,Where Does Queuing Occur?,,The Network Layer: Data Plane,11
165,Packet Scheduling,,The Network Layer: Data Plane,11
166,IPv4 Datagram Format,"The Internet Protocol (IP): IPv4, Addressing, IPv6, and More",The Network Layer: Data Plane,11
167,IPv4 Addressing,,The Network Layer: Data Plane,11
168,Network Address Translation (NAT),,The Network Layer: Data Plane,11
169,IPv6,,The Network Layer: Data Plane,11
170,Match,Generalized Forwarding and SDN,The Network Layer: Data Plane,11
171,Action,,The Network Layer: Data Plane,11
172,OpenFlow Examples of Match-plus-action in Action,,The Network Layer: Data Plane,11
173,Middleboxes,Middleboxes,The Network Layer: Data Plane,11
174,The Link-State (LS) Routing Algorithm,Routing Algorithms,The Network Layer: Data Plane,11
175,The Distance-Vector (DV) Routing Algorithm,,The Network Layer: Data Plane,11
176,Intra-AS Routing in the Internet: OSPF,Intra-AS Routing in the Internet: OSPF,The Network Layer: Data Plane,11
177,The Role of BGP,Routing Among the ISPs: BGP,The Network Layer: Data Plane,11
178,Advertising BGP Route Information,,The Network Layer: Data Plane,11
179,Determining the Best Routes,,The Network Layer: Data Plane,11
180,IP-Anycast,,The Network Layer: Data Plane,11
181,Routing Policy,,The Network Layer: Data Plane,11
182,Putting the Pieces Together: Obtaining Internet Presence,,The Network Layer: Data Plane,11
183,The SDN Control Plane: SDN Controller and SDN Network-control Applications,The SDN Control Plane,The Network Layer: Data Plane,11
184,OpenFlow Protocol,,The Network Layer: Data Plane,11
185,Data and Control Plane Interaction: An Example,,The Network Layer: Data Plane,11
186,SDN: Past and Future,,The Network Layer: Data Plane,11
187,ICMP: The Internet Control Message Protocol,ICMP: The Internet Control Message Protocol,The Network Layer: Data Plane,11
188,The Simple Network Management Protocol (SNMP) and the Management Information Base (MIB),"Network Management and SNMP, NETCONF/YANG",The Network Layer: Data Plane,11
189,The Network Configuration Protocol (NETCONF) and YANG,,The Network Layer: Data Plane,11
190,The Services Provided by the Link Layer,Introduction to the Link Layer,The Link Layer and LANs,12
191, Where Is the Link Layer Implemented?,,The Link Layer and LANs,12
192,Parity Checks,Error-Detection and -Correction Techniques,The Link Layer and LANs,12
193,Checksumming Methods,,The Link Layer and LANs,12
194,Cyclic Redundancy Check (CRC),,The Link Layer and LANs,12
195,Channel Partitioning Protocols,Multiple Access Links and Protocols,The Link Layer and LANs,12
196,Random Access Protocols,,The Link Layer and LANs,12
197,Taking-Turns Protocols,,The Link Layer and LANs,12
198,DOCSIS: The Link-Layer Protocol for Cable Internet Access,,The Link Layer and LANs,12
199,Link-Layer Addressing and ARP,Switched Local Area Networks,The Link Layer and LANs,12
200,Ethernet,,The Link Layer and LANs,12
201,Link-Layer Switches,,The Link Layer and LANs,12
202,Virtual Local Area Networks (VLANs),,The Link Layer and LANs,12
203,Multiprotocol Label Switching (MPLS),Link Virtualization: A Network as a Link Layer ,The Link Layer and LANs,12
204,Data Center Architectures,Data Center Networking,The Link Layer and LANs,12
205,Trends in Data Center Networking,,The Link Layer and LANs,12
206,"Getting Started: DHCP, UDP, IP, and Ethernet",Retrospective: A Day in the Life of a Web Page Request,The Link Layer and LANs,12
207,Still Getting Started: DNS and ARP,,The Link Layer and LANs,12
208,Still Getting Started: Intra-Domain Routing to the DNS Server,,The Link Layer and LANs,12
209,Web Client-Server Interaction: TCP and HTTP,,The Link Layer and LANs,12
210,CDMA,Wireless Links and Network Characteristics,Wireless and Mobile Networks,13
211,The 802.11 Wireless LAN Architecture,WiFi: 802.11 Wireless LANs,Wireless and Mobile Networks,13
212,The 802.11 MAC Protocol,,Wireless and Mobile Networks,13
213,The IEEE 802.11 Frame,,Wireless and Mobile Networks,13
214,Mobility in the Same IP Subnet,,Wireless and Mobile Networks,13
215,Advanced Features in 802.11,,Wireless and Mobile Networks,13
216,Personal Area Networks: Bluetooth,,Wireless and Mobile Networks,13
217,4G LTE Cellular Networks: Architecture and Elements,Cellular Networks: 4G and 5G,Wireless and Mobile Networks,13
218,LTE Protocols Stacks,,Wireless and Mobile Networks,13
219,LTE Radio Access Network,,Wireless and Mobile Networks,13
220,Additional LTE Functions: Network Attachment and Power Management,,Wireless and Mobile Networks,13
221,The Global Cellular Network: A Network of Networks,,Wireless and Mobile Networks,13
222,5G Cellular Networks,,Wireless and Mobile Networks,13
223,Device Mobility: a Network-layer Perspective,Mobility Management: Principles,Wireless and Mobile Networks,13
224,Home Networks and Roaming on Visited Networks,,Wireless and Mobile Networks,13
225,Direct and Indirect Routing to/from a Mobile Device,,Wireless and Mobile Networks,13
226,Mobility Management in 4G/5G Networks,Mobility Management in Practice,Wireless and Mobile Networks,13
227,Mobile IP,,Wireless and Mobile Networks,13
228,Wireless and Mobility: Impact on Higher-Layer Protocols,Wireless and Mobility: Impact on Higher-Layer Protocols,Wireless and Mobile Networks,13
229,What Is Network Security?,What Is Network Security?,Security in Computer Networks,14
230,Symmetric Key Cryptography,Principles of Cryptography,Security in Computer Networks,14
231,Public Key Encryption,,Security in Computer Networks,14
232,Cryptographic Hash Functions,Message Integrity and Digital Signatures,Security in Computer Networks,14
233,Message Authentication Code,,Security in Computer Networks,14
234,Digital Signatures,,Security in Computer Networks,14
235,End-Point Authentication,End-Point Authentication,Security in Computer Networks,14
236,Secure E-Mail,Securing E-Mail ,Security in Computer Networks,14
237,PGP,,Security in Computer Networks,14
238,The Big Picture,TCPSecuring Connections: TLS,Security in Computer Networks,14
239,A More Complete Picture,,Security in Computer Networks,14
240,IPsec and Virtual Private Networks (VPNs),Network-Layer Security: IPsec and Virtual Private Networks,Security in Computer Networks,14
241,The AH and ESP Protocols,,Security in Computer Networks,14
242,Security Associations,,Security in Computer Networks,14
243,The IPsec Datagram,,Security in Computer Networks,14
244,IKE: Key Management in IPsec,,Security in Computer Networks,14
245,Authentication and Key Agreement in 802.11 Wireless LANs,Securing Wireless LANs and 4G/5G Cellular Networks,Security in Computer Networks,14
246,Authentication and Key Agreement in 4G/5G Cellular Networks,,Security in Computer Networks,14
247,Firewalls,Operational Security: Firewalls and Intrusion Detection Systems,Security in Computer Networks,14
248,Intrusion Detection Systems,,Security in Computer Networks,14
249,프로그래밍 기초,,프로그램과 C 언어,15
250,C 언어 소개,,프로그램과 C 언어,15
251,전자계산기 원리와 프로그래밍 개념,,프로그램과 C 언어,15
252,C 언어 서술 형식,,프로그램과 C 언어,15
253,C 프로그램 실행 파일,,프로그램과 C 언어,15
254,컴퓨터의 자료 기억 방식,,자료형,16
255,아스키코드,,자료형,16
256,자료형의 종류,,자료형,16
257,상수,,상수와 변수,17
258,변수,,상수와 변수,17
259,2진수를 16진수로 변환하는 방법,,상수와 변수,17
260,C 언어와 함수,,함수,18
261,함수 정의하고 호출하기,,함수,18
262,main 함수 정리하기,,함수,18
263,함수 원형 선언하기,,함수,18
264,라이브러리,,표준 출력 함수,19
265,헤더 파일,,표준 출력 함수,19
266,전처리기,,표준 출력 함수,19
267,C 표준 라이브러리와 표준 출력 함수,,표준 출력 함수,19
268,printf,,표준 출력 함수,19
269,기본 연산자,,연산자,20
270,연산자 우선순위와 연산 방향,,연산자,20
271,제어문,,조건문,21
272,if 조건문,,조건문,21
273,switch 조건문,,조건문,21
274,반복문의 기본 구조와 for 반복문,,반복문,22
275,while 반복문,,반복문,22
276,반복문 구성 방법,,반복문,22
277,중첩 반복문,,반복문,22
278,break와 continue 제어문,,반복문,22
279,비트 단위 연산과 비트 패턴,,시프트 연산자와 비트 연산자,23
280,시프트 연산자,,시프트 연산자와 비트 연산자,23
281,비트 연산자,,시프트 연산자와 비트 연산자,23
282,지역 변수,,지역 변수와 전역 변수,24
283,전역 변수,,지역 변수와 전역 변수,24
284,extern 키워드,,지역 변수와 전역 변수,24
285,static 키워드,,지역 변수와 전역 변수,24
286,배열,,배열과 문자열,25
287,문자열,,배열과 문자열,25
288,2차원 배열,,배열과 문자열,25
289,운영체제의 메모리 관리 방식,,포인터,26
290,포인터,,포인터,26
291,포인터와 const 키워드,,포인터,26
292,포인터 변수의 주소 연산,,포인터,26
293,포인터와 대상의 크기,,포인터,26
294,void *형 포인터,,포인터,26
295,표준 입력 함수,,표준 입력 함수,27
296,문자와 문자열 입력 함수,,표준 입력 함수,27
297,문자열을 정수로 변환하기,,표준 입력 함수,27
298,표준 입력 함수 scanf,,표준 입력 함수,27
299,배열과 포인터 표기법,,배열과 포인터,28
300,배열 시작 주소,,배열과 포인터,28
301,배열을 사용하는 포인터,,배열과 포인터,28
302,배열과 포인터의 합체,,배열과 포인터,28
303,프로세스와 메모리 할당,,메모리 할당,29
304,지역 변수와 스택,,메모리 할당,29
305,동적 메모리 할당 및 해제,,메모리 할당,29
306,동적 메모리 사용하기,,메모리 할당,29
307,다차원 포인터 개념,,다차원 포인터,30
308,2차원 포인터,,다차원 포인터,30
309,2차원 포인터와 함수의 매개변수,,다차원 포인터,30
310,2차원 포인터와 2차원 배열,,다차원 포인터,30
311,typedef 문법,,구조체와 연결 리스트,31
312,구조체,,구조체와 연결 리스트,31
313,배열과 구조체,,구조체와 연결 리스트,31
314,구조체로 만든 자료형의 크기,,구조체와 연결 리스트,31
315,구조체를 활용한 연결 리스트,,구조체와 연결 리스트,31
316,표준 입출력 라이브러리,,파일 입출력,32
317,텍스트 파일과 바이너리 파일,,파일 입출력,32
318,파일 열기와 닫기,,파일 입출력,32
319,텍스트 파일에 데이터 읽고 쓰기,,파일 입출력,32
320,바이너리 파일에 데이터 읽고 쓰기,,파일 입출력,32
321,함수 포인터,,함수 포인터,33
322,함수 그룹,,함수 포인터,33
323,콜백 함수,,함수 포인터,33
324,자바의 역사,,자바 소개와 개발도구 설치,34
325,자바의 특징,,자바 소개와 개발도구 설치,34
326,자바의 용도,,자바 소개와 개발도구 설치,34
327,가상 기계,,자바 소개와 개발도구 설치,34
328,자바의 종류와 버전,,자바 소개와 개발도구 설치,34
329,JDK 설치 .,,자바 소개와 개발도구 설치,34
330,명령어 버전 JDK 사용하기,,자바 소개와 개발도구 설치,34
331,이클립스 소개와 설치,,자바 소개와 개발도구 설치,34
332,이클립스로 첫 번째 프로그램 작성,,자바 소개와 개발도구 설치,34
333,컴파일 오류,,자바 소개와 개발도구 설치,34
334,이클립스로 프로젝트 내보내기 & 읽기,,자바 소개와 개발도구 설치,34
335,자바 참고 문서,,자바 소개와 개발도구 설치,34
336,자바 프로그램 구성 요소,,자바 프로그래밍 기초,35
337,변수와 자료형,,자바 프로그래밍 기초,35
338,콘솔에서 입력받기,,자바 프로그래밍 기초,35
339,수식과 연산자,,자바 프로그래밍 기초,35
340,if-else 문,,"조건문, 반복문, 배열",36
341,switch 문,,"조건문, 반복문, 배열",36
342,for 문,,"조건문, 반복문, 배열",36
343,while 문,,"조건문, 반복문, 배열",36
344,배열,,"조건문, 반복문, 배열",36
345,2차원 배열,,"조건문, 반복문, 배열",36
346,ArrayList,,"조건문, 반복문, 배열",36
347,객체 지향 프로그래밍이란?,,클래스와 객체,37
348,클래스와 객체 만들기,,클래스와 객체,37
349,생성자와 메소드 오버로딩,,클래스와 객체,37
350,접근 제어,,클래스와 객체,37
351,무엇을 클래스로 만들어야 할까?,,클래스와 객체,37
352,객체의 생성과 소멸,,클래스와 객체,37
353,인수 전달 방법,,클래스와 객체,37
354,정적 멤버,,클래스와 객체,37
355,객체 배열,,클래스와 객체,37
356,상속,,상속,38
357,상속과 접근 지정자,,상속,38
358,상속과 생성자,,상속,38
359,메소드 오버라이딩,,상속,38
360,다형성,,상속,38
361,상속 vs 구성,,상속,38
362,추상 클래스,,"추상 클래스, 인터페이스, 중첩 클래스",39
363,인터페이스,,"추상 클래스, 인터페이스, 중첩 클래스",39
364,인터페이스를 이용한 다중 상속,,"추상 클래스, 인터페이스, 중첩 클래스",39
365,디폴트 메소드와 정적 메소드,,"추상 클래스, 인터페이스, 중첩 클래스",39
366,중접 클래스,,"추상 클래스, 인터페이스, 중첩 클래스",39
367,익명클래스,,"추상 클래스, 인터페이스, 중첩 클래스",39
368,패키지 개념,,"자바 API 패키지, 예외 처리, 모듈",40
369,패키지 선언하기,,"자바 API 패키지, 예외 처리, 모듈",40
370,패키지 사용하기,,"자바 API 패키지, 예외 처리, 모듈",40
371,클래스 파일은 언제 로드될까?,,"자바 API 패키지, 예외 처리, 모듈",40
372,자바 API 패키지,,"자바 API 패키지, 예외 처리, 모듈",40
373,Obiect 클래스,,"자바 API 패키지, 예외 처리, 모듈",40
374,랩퍼 클래스,,"자바 API 패키지, 예외 처리, 모듈",40
375,String 클래스,,"자바 API 패키지, 예외 처리, 모듈",40
376,기타 유용한 클래스,,"자바 API 패키지, 예외 처리, 모듈",40
377,예외 처리란?,,"자바 API 패키지, 예외 처리, 모듈",40
378,모듈,,"자바 API 패키지, 예외 처리, 모듈",40
379,자바 GU 소개,,자바 GUI 기초,41
380,자바 GUI 기초,,자바 GUI 기초,41
381,컨테이너 살펴보기,,자바 GUI 기초,41
382,배치 관리자,,자바 GUI 기초,41
383,스윙 비주얼 디자이너: WindowBuilder,,자바 GUI 기초,41
384,기초 컴포넌트들,,자바 GUI 기초,41
385,이벤트 처리 개요,,GUI 이벤트 처리,42
386,이벤트 처리 방법,,GUI 이벤트 처리,42
387,스윙 컴포넌트의 이벤트,,GUI 이벤트 처리,42
388,키 이벤트,,GUI 이벤트 처리,42
389,Mouse와 MouseMotion 이벤트,,GUI 이벤트 처리,42
390,어댑터 클래스,,GUI 이벤트 처리,42
391,스윙 컴포넌트 소개,,스윙 컴포넌트,43
392,레이블과 버튼의 고급 기능,,스윙 컴포넌트,43
393,텍스트 필드와 텍스트 영역,,스윙 컴포넌트,43
394,체크 박스,,스윙 컴포넌트,43
395,라디오 버튼,,스윙 컴포넌트,43
396,콤보 박스,,스윙 컴포넌트,43
397,메뉴 붙이기,,스윙 컴포넌트,43
398,슬라이더,,스윙 컴포넌트,43
399,그래픽 프로그래밍의 기초,,자바 그래픽,44
400,색상과 폰트 변경하기,,자바 그래픽,44
401,기초 도형 그리기,,자바 그래픽,44
402,이미지 출력 및 처리,,자바 그래픽,44
403,그래픽과 이벤트의 결합,,자바 그래픽,44
404,제네릭 프로그래밍,,제네릭과 컬렉션,45
405,컬렉션이란?,,제네릭과 컬렉션,45
406,벡터,,제네릭과 컬렉션,45
407,ArrayList,,제네릭과 컬렉션,45
408,LinkedList,,제네릭과 컬렉션,45
409,Set,,제네릭과 컬렉션,45
410,Map,,제네릭과 컬렉션,45
411,Queue,,제네릭과 컬렉션,45
412,Collections 클래스,,제네릭과 컬렉션,45
413,함수형 프로그래밍의 소개,,"함수형 프로그래밍, 람다식, 스트림",46
414,람다식,,"함수형 프로그래밍, 람다식, 스트림",46
415,동작 매개 변수화,,"함수형 프로그래밍, 람다식, 스트림",46
416,함수형 인터페이스,,"함수형 프로그래밍, 람다식, 스트림",46
417,메소드 참조,,"함수형 프로그래밍, 람다식, 스트림",46
418,스트림 API,,"함수형 프로그래밍, 람다식, 스트림",46
419,입출력 스트림,,파일 입출력,47
420,문자 스트링,,파일 입출력,47
421,바이트 스트림,,파일 입출력,47
422,중간 처리 스트림,,파일 입출력,47
423,객체 저장하기,,파일 입출력,47
424,파일 객체,,파일 입출력,47
425,멀티 태스킹,,멀티 스레딩,48
426,스레드 생성과 실행,,멀티 스레딩,48
427,스레드 스케줄링,,멀티 스레딩,48
428,동기화,,멀티 스레딩,48
429,스레드 간의 조정,,멀티 스레딩,48
430,네트워크 프로그래밍의 기본 개념,,네트워크 프로그래밍,49
431,인터넷에서 파일 다운로드하기,,네트워크 프로그래밍,49
432,TCP를 이용한 통신,,네트워크 프로그래밍,49
433,서버와 클라이언트 제작,,네트워크 프로그래밍,49
434,UDP를 이용한 통신,,네트워크 프로그래밍,49
435,UDP를 이용한 서버와 클라이언트 작성하기,,네트워크 프로그래밍,49